<?xml version="1.0" encoding="UTF-8"?>
<project-private xmlns="http://www.netbeans.org/ns/project-private/1">
    <editor-bookmarks xmlns="http://www.netbeans.org/ns/editor-bookmarks/2" lastBookmarkId="0"/>
    <open-files xmlns="http://www.netbeans.org/ns/projectui-open-files/2">
        <group>
            <file>file:/D:/to_hand_over_DPC_sensors_project/PIC_sensor/Pic_sensor_16LF1824.X/buffer.c</file>
            <file>file:/D:/to_hand_over_DPC_sensors_project/PIC_sensor/Pic_sensor_16LF1824.X/hardw_i2c.h</file>
            <file>file:/D:/to_hand_over_DPC_sensors_project/PIC_sensor/Pic_sensor_16LF1824.X/uart.c</file>
            <file>file:/D:/to_hand_over_DPC_sensors_project/PIC_sensor/Pic_sensor_16LF1824.X/eeprom.c</file>
            <file>file:/D:/to_hand_over_DPC_sensors_project/PIC_sensor/Pic_sensor_16LF1824.X/main.c</file>
            <file>file:/D:/to_hand_over_DPC_sensors_project/PIC_sensor/Pic_sensor_16LF1824.X/hardw_i2c.c</file>
            <file>file:/D:/to_hand_over_DPC_sensors_project/PIC_sensor/Pic_sensor_16LF1824.X/buffer.h</file>
            <file>file:/D:/to_hand_over_DPC_sensors_project/PIC_sensor/Pic_sensor_16LF1824.X/uart.h</file>
            <file>file:/D:/to_hand_over_DPC_sensors_project/PIC_sensor/Pic_sensor_16LF1824.X/mtypes.h</file>
            <file>file:/D:/to_hand_over_DPC_sensors_project/PIC_sensor/Pic_sensor_16LF1824.X/eeprom.h</file>
        </group>
    </open-files>
</project-private>
